SampleId	Chromosome	Start	End	CopyNumber	BAF
CHP212	11	1	18399905	1.0339	0.8674
CHP212	11	18399906	40666000	0.9691	0.9364
CHP212	11	40666001	47567000	1.9079	0.5770
CHP212	11	47567001	50764000	1.8496	0.8616
CHP212	11	50764001	53144204	1.7762	0.6097
CHP212	11	53144205	68656365	1.9705	0.5506
CHP212	11	68656366	68656366	3.3977	0.7394
CHP212	11	68656367	68950406	2.1406	0.6190
CHP212	11	68950407	83415265	1.9794	0.5603
CHP212	11	83415266	83415284	2.3097	0.6568
CHP212	11	83415285	83415319	2.5449	0.6885
CHP212	11	83415320	83415327	2.2091	0.6411
CHP212	11	83415328	103032000	1.9087	0.5846
CHP212	11	103032001	103402000	1.9965	0.8824
CHP212	11	103402001	135006516	1.9160	0.5453
CHP212	22	1	14499999	2.0041	0.5660
CHP212	22	14500000	39028000	2.0041	0.5660
CHP212	22	39028001	39307000	2.0622	0.8979
CHP212	22	39307001	42023388	2.0415	0.5102
CHP212	22	42023389	42023389	5.3723	0.8168
CHP212	22	42023390	47492962	2.0390	0.5173
CHP212	22	47492963	47493034	2.6255	0.6252
CHP212	22	47493035	51304566	1.9124	0.5416
CHP212	12	1	2323900	2.0225	0.6172
CHP212	12	2323901	2323901	3.5882	0.7542
CHP212	12	2323902	7105479	1.9735	0.5530
CHP212	12	7105480	7105511	1.4935	0.5442
CHP212	12	7105512	10732294	1.8775	0.5671
CHP212	12	10732295	36356693	1.9200	0.5762
CHP212	12	36356694	38709000	1.7609	0.8806
CHP212	12	38709001	47536585	1.9334	0.5900
CHP212	12	47536586	47542044	3.1886	0.6443
CHP212	12	47542045	49558042	2.0370	0.5091
CHP212	12	49558043	49558580	2.0512	0.5514
CHP212	12	49558581	57351653	2.0655	0.5545
CHP212	12	57351654	57469942	3.0338	0.7143
CHP212	12	57469943	58055000	2.1055	0.6296
CHP212	12	58055001	58254000	2.5688	0.6500
CHP212	12	58254001	61838505	1.9003	0.5642
CHP212	12	61838506	61838507	2.9824	0.7223
CHP212	12	61838508	63277689	1.8960	0.5577
CHP212	12	63277690	63277705	2.8265	0.7177
CHP212	12	63277706	66108676	1.9673	0.5944
CHP212	12	66108677	69041351	1.9515	0.5151
CHP212	12	69041352	70051524	3.2921	0.6667
CHP212	12	70051525	82973182	1.9199	0.5902
CHP212	12	82973183	86653570	1.9455	0.5277
CHP212	12	86653571	100060000	1.9141	0.6031
CHP212	12	100060001	100698000	1.9821	0.8775
CHP212	12	100698001	110617823	1.9567	0.5720
CHP212	12	110617824	110729000	2.5212	0.6154
CHP212	12	110729001	122874829	1.9580	0.5828
CHP212	12	122874830	122874874	1.4127	0.6001
CHP212	12	122874875	133851895	1.9307	0.5609
CHP212	13	1	17499999	1.8824	0.5446
CHP212	13	17500000	64574000	1.8824	0.5446
CHP212	13	64574001	64969000	1.8123	0.8889
CHP212	13	64969001	96069000	1.8617	0.5934
CHP212	13	96069001	97060000	1.9528	0.8889
CHP212	13	97060001	104897306	1.9250	0.5607
CHP212	13	104897307	115169878	1.8871	0.5452
CHP212	14	1	17499999	1.9656	0.5143
CHP212	14	17500000	25673000	1.9656	0.5143
CHP212	14	25673001	26355000	1.7593	0.8667
CHP212	14	26355001	46334000	1.9108	0.5661
CHP212	14	46334001	46909000	1.8611	0.8681
CHP212	14	46909001	53019000	1.9721	0.5667
CHP212	14	53019001	53319000	1.0269	0.8182
CHP212	14	53319001	56603000	1.9943	0.5995
CHP212	14	56603001	56802000	1.8887	0.9000
CHP212	14	56802001	73692881	1.9379	0.5697
CHP212	14	73692882	73692882	5.5127	0.8487
CHP212	14	73692883	74991000	2.0227	0.5051
CHP212	14	74991001	75404000	2.1228	0.9048
CHP212	14	75404001	90912037	1.8738	0.5736
CHP212	14	90912038	90912038	14.1451	0.9435
CHP212	14	90912039	92116012	2.0251	0.5062
CHP212	14	92116013	92116020	2.7198	0.6857
CHP212	14	92116021	107349540	1.9540	0.5626
CHP212	15	1	18499999	1.8726	0.6377
CHP212	15	18500000	23136084	1.8726	0.6377
CHP212	15	23136085	43723396	1.9448	0.5748
CHP212	15	43723397	44296612	2.4701	0.6652
CHP212	15	44296613	44296649	2.4134	0.6573
CHP212	15	44296650	54248775	2.3567	0.6264
CHP212	15	54248776	54248776	1.7762	0.5043
CHP212	15	54248777	55218228	2.1464	0.6250
CHP212	15	55218229	74508950	2.4618	0.6216
CHP212	15	74508951	81392585	2.4503	0.6187
CHP212	15	81392586	81392593	4.1024	0.7832
CHP212	15	81392594	102531392	2.3401	0.6200
CHP212	16	1	5580928	2.0521	0.5176
CHP212	16	5580929	18167000	1.8592	0.5634
CHP212	16	18167001	18975000	1.9447	0.8824
CHP212	16	18975001	24327575	1.8872	0.5480
CHP212	16	24327576	24327576	3.0721	0.7118
CHP212	16	24327577	31961000	1.9354	0.5425
CHP212	16	31961001	33868000	3.4725	0.8536
CHP212	16	33868001	34392109	1.8406	0.8032
CHP212	16	34392110	34459000	1.7409	0.7919
CHP212	16	34459001	34757736	2.6534	0.9412
CHP212	16	34757737	36835800	1.7336	0.8667
CHP212	16	36835801	50476756	2.8686	0.6667
CHP212	16	50476757	50476782	4.7873	0.8079
CHP212	16	50476783	60038943	2.8416	0.6763
CHP212	16	60038944	60038944	5.6896	0.8383
CHP212	16	60038945	62160207	2.6002	0.6842
CHP212	16	62160208	62160226	2.9887	0.7083
CHP212	16	62160227	62160228	3.0030	0.7097
CHP212	16	62160229	62160265	3.1016	0.7189
CHP212	16	62160266	66422000	2.6798	0.6747
CHP212	16	66422001	68035242	3.1306	0.7647
CHP212	16	68035243	68035243	6.3015	0.8459
CHP212	16	68035244	70908000	3.0038	0.6768
CHP212	16	70908001	71125000	2.1561	0.5660
CHP212	16	71125001	77217964	2.8138	0.6675
CHP212	16	77217965	78664852	0.9220	1.0000
CHP212	16	78664853	78900019	0.6022	1.0000
CHP212	16	78900020	81872853	0.9708	0.9704
CHP212	16	81872854	81873021	1.7738	0.9054
CHP212	16	81873022	90354753	1.0557	0.8411
CHP212	17	1	23763005	1.9371	0.5344
CHP212	17	23763006	36017848	1.9860	0.5728
CHP212	17	36017849	38679270	4.0574	0.7476
CHP212	17	38679271	38679441	3.0252	1.0000
CHP212	17	38679442	43838746	4.0899	0.7597
CHP212	17	43838747	43838747	6.8662	0.8569
CHP212	17	43838748	46894271	4.0555	0.7429
CHP212	17	46894272	55926222	4.7721	0.6093
CHP212	17	55926223	55926223	6.0598	0.6923
CHP212	17	55926224	60908000	4.9024	0.6088
CHP212	17	60908001	61524000	4.8057	0.9405
CHP212	17	61524001	62410312	4.9053	0.5896
CHP212	17	62410313	62410631	4.1631	0.5433
CHP212	17	62410632	69831000	4.7861	0.6027
CHP212	17	69831001	70075000	4.7534	0.9423
CHP212	17	70075001	76788156	4.9862	0.5841
CHP212	17	76788157	77838018	5.0820	0.5906
CHP212	17	77838019	77839920	4.6296	0.5349
CHP212	17	77839921	79112748	5.1533	0.5821
CHP212	17	79112749	79112812	4.8047	0.5518
CHP212	17	79112813	79181731	5.3598	0.6409
CHP212	17	79181732	80544451	5.2364	0.6149
CHP212	17	80544452	80544452	11.9103	0.8307
CHP212	17	80544453	80759991	5.0142	0.6222
CHP212	17	80759992	80759992	6.3796	0.6607
CHP212	17	80759993	81195210	5.1675	0.5811
CHP212	18	1	3111007	1.9016	0.5259
CHP212	18	3111008	8927292	1.8674	0.6005
CHP212	18	8927293	8927344	1.3514	0.5520
CHP212	18	8927345	16960897	1.9097	0.5871
CHP212	18	16960898	41227000	1.9262	0.5710
CHP212	18	41227001	41808000	1.9223	0.8889
CHP212	18	41808001	47220793	1.9778	0.5944
CHP212	18	47220794	68132338	1.8672	0.6020
CHP212	18	68132339	78077248	1.8860	0.5880
CHP212	19	1	15725000	1.9767	0.5328
CHP212	19	15725001	15957000	1.9190	0.9044
CHP212	19	15957001	24027921	1.8841	0.5610
CHP212	19	24027922	24027922	2.9624	0.7208
CHP212	19	24027923	26181781	1.7814	0.6818
CHP212	19	26181782	28968000	1.7896	0.5588
CHP212	19	28968001	29782000	1.7700	0.8889
CHP212	19	29782001	47922786	1.9427	0.5202
CHP212	19	47922787	47922787	2.7506	0.6611
CHP212	19	47922788	50996254	2.0063	0.5071
CHP212	19	50996255	50996910	3.9316	0.7485
CHP212	19	50996911	52473302	1.8719	0.5344
CHP212	19	52473303	53071297	1.3200	0.6630
CHP212	19	53071298	59128983	1.8936	0.5307
CHP212	1	1	14819495	0.9987	0.8671
CHP212	1	14819496	14819507	0.5626	1.0000
CHP212	1	14819508	16848000	1.0106	0.9008
CHP212	1	16848001	17236000	2.3659	0.6609
CHP212	1	17236001	18376131	0.9720	0.9038
CHP212	1	18376132	113223297	1.0029	0.8826
CHP212	1	113223298	114632957	1.0220	0.8182
CHP212	1	114632958	123035433	1.8934	0.6087
CHP212	1	123035434	154686433	2.9466	0.6665
CHP212	1	154686434	154686434	3.8618	0.7520
CHP212	1	154686435	163781711	2.9504	0.6753
CHP212	1	163781712	163781745	1.2700	0.7543
CHP212	1	163781746	168379698	2.7704	0.6685
CHP212	1	168379699	168379699	3.8008	0.7584
CHP212	1	168379700	169058972	2.9228	0.6809
CHP212	1	169058973	173363279	2.8877	0.6769
CHP212	1	173363280	173363294	4.4282	0.7873
CHP212	1	173363295	186342633	2.8697	0.6718
CHP212	1	186342634	186342677	3.1075	0.6969
CHP212	1	186342678	194041669	2.7675	0.6719
CHP212	1	194041670	194041680	3.3026	0.7250
CHP212	1	194041681	194041713	3.2208	0.7180
CHP212	1	194041714	194827218	2.6829	0.6429
CHP212	1	194827219	194827225	4.2109	0.7793
CHP212	1	194827226	200052868	2.8059	0.6688
CHP212	1	200052869	200052869	3.9134	0.7552
CHP212	1	200052870	214656796	2.9508	0.6754
CHP212	1	214656797	216968270	2.8778	0.6667
CHP212	1	216968271	217154517	1.8255	0.6316
CHP212	1	217154518	228959922	2.9677	0.6920
CHP212	1	228959923	228959928	3.9182	0.7548
CHP212	1	228959929	238196383	2.9104	0.6699
CHP212	1	238196384	238196619	2.8604	0.6642
CHP212	1	238196620	241908609	2.8104	0.6860
CHP212	1	241908610	241908614	3.9912	0.7692
CHP212	1	241908615	246873693	2.8533	0.6772
CHP212	1	246873694	246873744	4.1339	0.7772
CHP212	1	246873745	249250621	2.8172	0.6633
CHP212	2	1	260944	1.8696	0.6411
CHP212	2	260945	263132	0.8803	1.0000
CHP212	2	263133	1146935	1.8334	0.5454
CHP212	2	1146936	1147009	2.9633	0.7188
CHP212	2	1147010	2295974	1.9296	0.5722
CHP212	2	2295975	2406944	7.5949	0.8844
CHP212	2	2406945	2406947	2.4745	0.6452
CHP212	2	2406948	2406984	6.9983	0.8746
CHP212	2	2406985	3393720	1.8779	0.5325
CHP212	2	3393721	3424107	7.1824	0.8784
CHP212	2	3424108	8117844	1.8783	0.5345
CHP212	2	8117845	8117957	6.8190	0.8718
CHP212	2	8117958	10300310	2.0454	0.5409
CHP212	2	10300311	10868855	3.0007	0.6667
CHP212	2	10868856	11692077	2.0566	0.6087
CHP212	2	11692078	11785628	116.7148	0.9931
CHP212	2	11785629	11893437	119.9173	0.9933
CHP212	2	11893438	11893780	119.2247	0.9933
CHP212	2	11893781	11893856	115.3507	0.9930
CHP212	2	11893857	11913062	118.1871	0.8076
CHP212	2	11913063	11925371	118.6338	0.7786
CHP212	2	11925372	11926210	20.1527	1.0000
CHP212	2	11926211	12092716	118.2921	0.7780
CHP212	2	12092717	12092751	117.6967	0.7769
CHP212	2	12092752	12139316	117.1013	0.7757
CHP212	2	12139317	12190209	117.3536	0.7762
CHP212	2	12190210	12301835	117.9744	0.7774
CHP212	2	12301836	12313413	117.5050	0.7765
CHP212	2	12313414	12313467	114.6058	0.9934
CHP212	2	12313468	12425767	117.8253	0.9936
CHP212	2	12425768	12425792	118.5743	0.9936
CHP212	2	12425793	12473000	119.3233	0.9937
CHP212	2	12473001	12473044	115.7436	0.9935
CHP212	2	12473045	12473295	122.8294	0.9938
CHP212	2	12473296	12515991	120.0043	0.9937
CHP212	2	12515992	12516040	119.5870	0.9937
CHP212	2	12516041	12599788	119.1697	0.9936
CHP212	2	12599789	12602640	1.9265	0.6068
CHP212	2	12602641	12665280	121.8176	0.9938
CHP212	2	12665281	12668279	128.0942	0.9941
CHP212	2	12668280	12668290	124.2769	0.9939
CHP212	2	12668291	12755045	122.2885	0.9938
CHP212	2	12755046	12755217	118.2924	0.9936
CHP212	2	12755218	12762608	121.3630	0.9938
CHP212	2	12762609	12762861	24.6248	0.9692
CHP212	2	12762862	12782388	124.5070	0.9939
CHP212	2	12782389	12783201	122.5544	0.9938
CHP212	2	12783202	12879606	123.1996	0.9939
CHP212	2	12879607	12879612	120.0286	0.9937
CHP212	2	12879613	12879622	123.2477	0.9939
CHP212	2	12879623	12898085	126.0239	0.9940
CHP212	2	12898086	13787342	1.9477	0.6111
CHP212	2	13787343	13852990	7.7652	0.9200
CHP212	2	13852991	15061178	1.7968	0.5565
CHP212	2	15061179	15061333	109.2326	0.9927
CHP212	2	15061334	15584827	1.8496	0.5556
CHP212	2	15584828	15698813	5.1401	0.8178
CHP212	2	15698814	15717548	6.6119	0.8584
CHP212	2	15717549	15722899	5.9165	0.8417
CHP212	2	15722900	15786535	126.3127	0.9461
CHP212	2	15786536	15817717	123.2572	0.9486
CHP212	2	15817718	15817722	123.9250	0.9488
CHP212	2	15817723	15817866	131.0242	0.9516
CHP212	2	15817867	15821222	130.2002	0.9513
CHP212	2	15821223	15919163	125.8967	0.9496
CHP212	2	15919164	15931113	124.7251	0.9492
CHP212	2	15931114	15931140	160.5131	0.9605
CHP212	2	15931141	15952491	126.4677	0.9477
CHP212	2	15952492	15966656	132.7307	0.9469
CHP212	2	15966657	15966857	130.2779	0.9459
CHP212	2	15966858	15984729	129.5399	0.9456
CHP212	2	15984730	15997214	128.7592	0.9191
CHP212	2	15997215	16000197	139.8482	0.9255
CHP212	2	16000198	16002392	135.3247	0.9231
CHP212	2	16002393	16035600	129.3733	0.9195
CHP212	2	16035601	16035635	120.8971	0.9139
CHP212	2	16035636	16041368	122.1064	0.9147
CHP212	2	16041369	16041436	121.8729	0.9146
CHP212	2	16041437	16117834	128.3967	0.9189
CHP212	2	16117835	16118932	126.2320	0.9420
CHP212	2	16118933	16151393	127.2600	0.9425
CHP212	2	16151394	16151686	126.5015	0.9422
CHP212	2	16151687	16153712	127.3700	0.9395
CHP212	2	16153713	16153782	123.0256	0.9262
CHP212	2	16153783	16167619	124.4736	0.9271
CHP212	2	16167620	16212599	126.9456	0.9285
CHP212	2	16212600	16233144	10.2678	0.6299
CHP212	2	16233145	16249078	9.2989	0.6465
CHP212	2	16249079	16346980	9.7942	0.7067
CHP212	2	16346981	16383106	9.8129	0.6090
CHP212	2	16383107	16400239	10.2454	0.5833
CHP212	2	16400240	16400242	9.3979	0.6359
CHP212	2	16400243	16400299	9.9979	0.5977
CHP212	2	16400300	16400300	9.5991	0.6226
CHP212	2	16400301	16419315	9.9472	0.6008
CHP212	2	16419316	16438002	9.7531	0.6608
CHP212	2	16438003	16439335	9.5506	0.6587
CHP212	2	16439336	16502813	7.6571	0.8216
CHP212	2	16502814	18043000	2.0659	0.6456
CHP212	2	18043001	22049000	1.9468	0.5421
CHP212	2	22049001	22592000	1.7585	0.8667
CHP212	2	22592001	24681000	1.8892	0.5336
CHP212	2	24681001	25492000	1.9916	0.8947
CHP212	2	25492001	27138000	2.0215	0.5055
CHP212	2	27138001	27691000	2.1211	0.8947
CHP212	2	27691001	28983000	2.0730	0.5189
CHP212	2	28983001	29241000	2.0036	0.9000
CHP212	2	29241001	34001000	1.9408	0.5476
CHP212	2	34001001	34148000	1.9361	0.8982
CHP212	2	34148001	52930000	1.9399	0.5569
CHP212	2	52930001	53315000	1.7967	0.8750
CHP212	2	53315001	57094282	1.9588	0.5494
CHP212	2	57094283	57094321	1.2437	0.8653
CHP212	2	57094322	57456189	1.8171	0.5503
CHP212	2	57456190	82194000	1.9207	0.5565
CHP212	2	82194001	83478000	1.8056	0.8571
CHP212	2	83478001	93826170	1.9337	0.5742
CHP212	2	93826171	120102562	1.9124	0.5500
CHP212	2	120102563	120102677	1.9080	0.5490
CHP212	2	120102678	128806663	1.9037	0.5743
CHP212	2	128806664	128806664	2.6940	0.7165
CHP212	2	128806665	158510362	1.8639	0.5902
CHP212	2	158510363	158510371	2.4481	0.6880
CHP212	2	158510372	169312015	1.9513	0.5811
CHP212	2	169312016	169312016	3.2796	0.7508
CHP212	2	169312017	170239000	1.9579	0.5106
CHP212	2	170239001	170999000	2.0096	0.8824
CHP212	2	170999001	195531180	1.9651	0.5341
CHP212	2	195531181	195531182	2.3118	0.6040
CHP212	2	195531183	195531201	2.7198	0.6634
CHP212	2	195531202	195531211	2.8715	0.6811
CHP212	2	195531212	195531237	2.4416	0.6250
CHP212	2	195531238	195531239	2.1348	0.5711
CHP212	2	195531240	218180764	1.9277	0.5231
CHP212	2	218180765	218180772	2.9686	0.6903
CHP212	2	218180773	223731464	1.9554	0.5636
CHP212	2	223731465	235354000	1.9462	0.5272
CHP212	2	235354001	235616000	1.9505	0.8462
CHP212	2	235616001	243199373	2.0013	0.5183
CHP212	3	1	2805766	1.8037	0.6154
CHP212	3	2805767	17221000	1.9454	0.5568
CHP212	3	17221001	17781000	1.8481	0.8947
CHP212	3	17781001	23327663	1.8029	0.5617
CHP212	3	23327664	23330822	0.8617	1.0000
CHP212	3	23330823	32987127	1.9095	0.5811
CHP212	3	32987128	32987128	3.0857	0.7408
CHP212	3	32987129	37750142	1.8730	0.5740
CHP212	3	37750143	37750143	3.6829	0.7740
CHP212	3	37750144	92004853	1.9225	0.5670
CHP212	3	92004854	102548365	1.9164	0.5585
CHP212	3	102548366	102548366	2.3858	0.6454
CHP212	3	102548367	103120898	1.8542	0.5393
CHP212	3	103120899	103120899	3.9367	0.8173
CHP212	3	103120900	107037949	1.8720	0.6158
CHP212	3	107037950	107040332	1.1619	0.6304
CHP212	3	107040333	115878631	1.8962	0.6137
CHP212	3	115878632	115879644	2.7719	0.7357
CHP212	3	115879645	115879865	1.7276	0.5760
CHP212	3	115879866	115955432	2.6034	0.6429
CHP212	3	115955433	116100961	1.8162	0.5506
CHP212	3	116100962	116187282	0.9302	1.0000
CHP212	3	116187283	116758000	1.3336	0.6411
CHP212	3	116758001	136021013	1.9635	0.5354
CHP212	3	136021014	136026199	0.0354	1.0000
CHP212	3	136026200	136745000	1.9150	0.9048
CHP212	3	136745001	157688000	1.9356	0.5481
CHP212	3	157688001	158410000	1.8746	0.8889
CHP212	3	158410001	164323050	1.8716	0.5979
CHP212	3	164323051	164323439	1.1195	0.6752
CHP212	3	164323440	175673931	1.8724	0.5963
CHP212	3	175673932	175673940	2.5746	0.6819
CHP212	3	175673941	195148918	1.8945	0.5677
CHP212	3	195148919	195148934	1.9463	0.5792
CHP212	3	195148935	198022430	1.9980	0.5005
CHP212	4	1	68711	10.2499	0.8981
CHP212	4	68712	9586000	2.0085	0.5201
CHP212	4	9586001	10054000	1.7830	0.8824
CHP212	4	10054001	51160116	1.8864	0.5659
CHP212	4	51160117	57717171	1.9103	0.5619
CHP212	4	57717172	57717178	2.6321	0.7338
CHP212	4	57717179	70361000	1.8240	0.6159
CHP212	4	70361001	70437000	1.8424	0.8824
CHP212	4	70437001	94998000	1.9155	0.5980
CHP212	4	94998001	95275000	1.9436	0.8889
CHP212	4	95275001	96503000	1.9594	0.6250
CHP212	4	96503001	96654000	2.0004	0.8947
CHP212	4	96654001	175746000	1.8991	0.5976
CHP212	4	175746001	176126000	1.8491	0.8667
CHP212	4	176126001	190662876	1.8347	0.5896
CHP212	4	190662877	190662888	1.2149	0.6198
CHP212	4	190662889	191154276	2.0134	0.5033
CHP212	5	1	11357094	1.8809	0.5766
CHP212	5	11357095	11357164	2.6343	0.6976
CHP212	5	11357165	11357172	2.1777	0.6342
CHP212	5	11357173	11357177	1.4112	0.5645
CHP212	5	11357178	23596000	1.8593	0.5715
CHP212	5	23596001	23935000	1.8556	0.9000
CHP212	5	23935001	29069314	1.8511	0.6103
CHP212	5	29069315	29069628	1.8657	0.6071
CHP212	5	29069629	37147115	1.8802	0.6101
CHP212	5	37147116	37147384	0.9661	1.0000
CHP212	5	37147385	40794615	1.8924	0.5629
CHP212	5	40794616	40794978	0.0497	1.0000
CHP212	5	40794979	44676000	1.8771	0.5950
CHP212	5	44676001	44942000	1.9231	0.8667
CHP212	5	44942001	47905640	1.8883	0.5574
CHP212	5	47905641	54868000	1.9284	0.5425
CHP212	5	54868001	55000000	2.1264	0.8944
CHP212	5	55000001	55689486	2.0818	0.6283
CHP212	5	55689487	55689496	2.7016	0.7159
CHP212	5	55689497	61052000	1.9844	0.6132
CHP212	5	61052001	61943000	1.9474	0.8889
CHP212	5	61943001	96211000	1.9288	0.5511
CHP212	5	96211001	96417000	2.0413	0.8889
CHP212	5	96417001	97485000	1.8605	0.5606
CHP212	5	97485001	97795000	1.8118	0.8667
CHP212	5	97795001	104432113	1.8948	0.5734
CHP212	5	104432114	104503672	0.9351	1.0000
CHP212	5	104503673	109415503	1.9204	0.6111
CHP212	5	109415504	109415550	1.9426	0.6205
CHP212	5	109415551	115177670	1.9648	0.6135
CHP212	5	115177671	119157376	1.8623	0.6154
CHP212	5	119157377	119157474	0.7623	1.0000
CHP212	5	119157475	180915260	1.9493	0.5603
CHP212	6	1	4367000	1.9515	0.5151
CHP212	6	4367001	4454000	1.9950	0.8857
CHP212	6	4454001	8380000	1.9020	0.5908
CHP212	6	8380001	8809000	1.8254	0.8889
CHP212	6	8809001	30800000	1.9074	0.5596
CHP212	6	30800001	32682000	2.0202	0.8947
CHP212	6	32682001	39813145	1.9952	0.5138
CHP212	6	39813146	39813146	3.4399	0.7180
CHP212	6	39813147	40926823	1.8490	0.6250
CHP212	6	40926824	40926829	2.9230	0.6621
CHP212	6	40926830	44013006	2.0556	0.5196
CHP212	6	44013007	46045000	2.0107	0.5884
CHP212	6	46045001	47204000	1.8960	0.8333
CHP212	6	47204001	60330165	1.9101	0.5867
CHP212	6	60330166	68314055	1.7969	0.6146
CHP212	6	68314056	68314061	2.4267	0.7146
CHP212	6	68314062	74062243	1.8906	0.5858
CHP212	6	74062244	74062278	2.4663	0.6825
CHP212	6	74062279	78967194	1.9049	0.5711
CHP212	6	78967195	79036475	0.9283	1.0000
CHP212	6	79036476	85880000	1.8953	0.6143
CHP212	6	85880001	86005000	1.9680	0.8824
CHP212	6	86005001	87156000	1.8998	0.6190
CHP212	6	87156001	87483000	1.8097	0.8824
CHP212	6	87483001	90582117	1.8998	0.5263
CHP212	6	90582118	92922000	1.9204	0.6154
CHP212	6	92922001	93641000	1.9084	0.8750
CHP212	6	93641001	94741074	1.9138	0.5223
CHP212	6	94741075	94741417	1.9186	0.5794
CHP212	6	94741418	113946406	1.9233	0.5805
CHP212	6	113946407	125165000	1.9023	0.5695
CHP212	6	125165001	126662000	1.9804	0.8571
CHP212	6	126662001	130475000	1.9997	0.5001
CHP212	6	130475001	131373000	2.0102	0.8750
CHP212	6	131373001	143161434	1.9087	0.5697
CHP212	6	143161435	143161520	0.7170	1.0000
CHP212	6	143161521	147605000	1.9388	0.5892
CHP212	6	147605001	148975000	2.7955	0.6818
CHP212	6	148975001	149909000	1.9091	0.5251
CHP212	6	149909001	150139000	1.9246	0.8912
CHP212	6	150139001	168670746	1.8824	0.5391
CHP212	6	168670747	168670940	2.4258	0.6423
CHP212	6	168670941	168732721	1.8360	0.6087
CHP212	6	168732722	168732769	1.5313	0.5153
CHP212	6	168732770	169772929	1.7890	0.5590
CHP212	6	169772930	170456198	1.8882	0.5784
CHP212	6	170456199	170636624	1.9111	0.5233
CHP212	6	170636625	171115067	1.9521	0.5123
CHP212	7	1	11212945	1.9483	0.5738
CHP212	7	11212946	11621380	1.0274	0.8182
CHP212	7	11621381	17627000	1.9188	0.5924
CHP212	7	17627001	18237000	1.9532	0.8667
CHP212	7	18237001	37548000	1.9305	0.5650
CHP212	7	37548001	37914000	1.9157	0.8824
CHP212	7	37914001	59554330	1.8889	0.5517
CHP212	7	59554331	66193575	1.8460	0.5632
CHP212	7	66193576	67712000	1.8553	0.5687
CHP212	7	67712001	68112000	1.7502	0.8889
CHP212	7	68112001	73382116	1.8001	0.6113
CHP212	7	73382117	85579000	1.9753	0.6101
CHP212	7	85579001	86934000	1.8534	0.8824
CHP212	7	86934001	86949000	0.0708	1.0000
CHP212	7	86949001	87600000	1.9142	0.5227
CHP212	7	87600001	87821000	1.9155	0.8681
CHP212	7	87821001	97695000	1.8923	0.6040
CHP212	7	97695001	98019000	1.8450	0.8824
CHP212	7	98019001	109111000	1.9848	0.5243
CHP212	7	109111001	109781000	1.8967	0.8523
CHP212	7	109781001	117754000	1.8662	0.6101
CHP212	7	117754001	118223000	1.7980	0.8750
CHP212	7	118223001	120641000	1.8479	0.6151
CHP212	7	120641001	120899000	2.0589	0.8947
CHP212	7	120899001	134413551	1.9619	0.5889
CHP212	7	134413552	134413606	1.9364	0.5967
CHP212	7	134413607	142359305	1.9110	0.6167
CHP212	7	142359306	142360545	1.8934	0.6224
CHP212	7	142360546	142455000	1.8758	0.8929
CHP212	7	142455001	159138663	1.9051	0.5687
CHP212	8	1	2179000	1.9511	0.5125
CHP212	8	2179001	2284000	3.6483	0.7561
CHP212	8	2284001	10584371	1.8604	0.6099
CHP212	8	10584372	34792000	1.9603	0.5725
CHP212	8	34792001	35278000	1.7762	0.8889
CHP212	8	35278001	45338886	1.9617	0.5624
CHP212	8	45338887	70716000	1.8880	0.5552
CHP212	8	70716001	70799000	2.6957	0.6848
CHP212	8	70799001	86174255	1.9026	0.6107
CHP212	8	86174256	86174294	2.6647	0.7220
CHP212	8	86174295	86174297	3.6144	0.7951
CHP212	8	86174298	86174366	2.8271	0.7380
CHP212	8	86174367	101268741	1.9507	0.5445
CHP212	8	101268742	101268742	8.0231	0.8892
CHP212	8	101268743	112294051	1.9537	0.5990
CHP212	8	112294052	112297139	0.0337	1.0000
CHP212	8	112297140	115634000	1.8788	0.8889
CHP212	8	115634001	115642000	0.0689	1.0000
CHP212	8	115642001	116680715	1.9644	0.5048
CHP212	8	116680716	129315000	1.9882	0.5100
CHP212	8	129315001	130195000	1.8628	0.8845
CHP212	8	130195001	136822000	1.9347	0.5816
CHP212	8	136822001	137143000	1.8766	0.8824
CHP212	8	137143001	141652000	1.8868	0.5975
CHP212	8	141652001	142017000	2.1365	0.9000
CHP212	8	142017001	142837515	2.1388	0.5326
CHP212	8	142837516	143259615	2.0436	0.6250
CHP212	8	143259616	143259649	1.2668	0.7894
CHP212	8	143259650	146364022	2.1259	0.5296
CHP212	X	1	7433600	0.9061	1.0000
CHP212	X	7433601	7433716	1.4267	0.9675
CHP212	X	7433717	60132011	0.9552	0.9514
CHP212	X	60132012	103175088	0.9287	0.9806
CHP212	X	103175089	103261248	1.6131	0.9889
CHP212	X	103261249	103305000	1.8023	0.9039
CHP212	X	103305001	155270560	0.9483	0.9805
CHP212	9	1	6521080	1.9203	0.6086
CHP212	9	6521081	6521158	1.9103	0.6118
CHP212	9	6521159	8947000	1.9002	0.5343
CHP212	9	8947001	9315000	1.2187	0.6319
CHP212	9	9315001	9496000	0.7284	1.0000
CHP212	9	9496001	9681349	1.2194	0.6038
CHP212	9	9681350	9681380	1.5242	0.5836
CHP212	9	9681381	9681407	2.4853	0.6421
CHP212	9	9681408	9681433	2.5618	0.6528
CHP212	9	9681434	29877645	1.9598	0.5461
CHP212	9	29877646	29877646	3.1661	0.7191
CHP212	9	29877647	31756000	1.8783	0.6111
CHP212	9	31756001	32236000	1.8652	0.8750
CHP212	9	32236001	48867678	2.0954	0.5247
CHP212	9	48867679	97387402	1.9692	0.5202
CHP212	9	97387403	97387414	2.7376	0.6549
CHP212	9	97387415	124402000	2.0008	0.5536
CHP212	9	124402001	124718000	2.1440	0.9024
CHP212	9	124718001	129421880	2.0865	0.5212
CHP212	9	129421881	129421915	1.7746	0.5629
CHP212	9	129421916	136182805	2.1561	0.5367
CHP212	9	136182806	136182806	4.3121	0.7683
CHP212	9	136182807	137285986	2.1952	0.5531
CHP212	9	137285987	141213431	2.1816	0.5442
CHP212	20	1	5681649	2.0292	0.5286
CHP212	20	5681650	5681700	1.2914	0.7407
CHP212	20	5681701	6410000	1.9296	0.6111
CHP212	20	6410001	6657000	1.8831	0.8947
CHP212	20	6657001	13571320	1.9253	0.5695
CHP212	20	13571321	14776000	1.9001	0.6301
CHP212	20	14776001	15033000	0.9992	1.0000
CHP212	20	15033001	19642423	1.9120	0.5781
CHP212	20	19642424	19642447	9.4494	0.9146
CHP212	20	19642448	24799000	1.8898	0.5316
CHP212	20	24799001	27869568	2.0055	0.8452
CHP212	20	27869569	31245000	2.0867	0.5203
CHP212	20	31245001	31573000	2.0537	0.9130
CHP212	20	31573001	33734000	2.0633	0.5162
CHP212	20	33734001	34009000	2.1031	0.9143
CHP212	20	34009001	44623472	1.9890	0.5708
CHP212	20	44623473	44623531	1.9956	0.5722
CHP212	20	44623532	47523000	2.0021	0.5605
CHP212	20	47523001	47976000	2.0523	0.8918
CHP212	20	47976001	63025520	1.9505	0.5424
CHP212	10	1	3284482	1.4664	0.6667
CHP212	10	3284483	3284613	2.2699	0.7786
CHP212	10	3284614	15280297	1.5019	0.6653
CHP212	10	15280298	23324402	1.8948	0.5682
CHP212	10	23324403	23324467	0.8251	1.0000
CHP212	10	23324468	40754934	1.8987	0.5937
CHP212	10	40754935	58335805	1.8599	0.5921
CHP212	10	58335806	135534747	1.9232	0.5452
CHP212	21	1	11054314	1.8770	0.5667
CHP212	21	11054315	12788128	1.8770	0.5667
CHP212	21	12788129	26497422	1.8770	0.5667
CHP212	21	26497423	26497431	2.4773	0.6717
CHP212	21	26497432	33398520	1.9193	0.6071
CHP212	21	33398521	33398526	2.4158	0.6879
CHP212	21	33398527	34205579	1.9218	0.5203
CHP212	21	34205580	38344000	1.9513	0.6087
CHP212	21	38344001	38623000	2.0170	0.8824
CHP212	21	38623001	44888050	1.9135	0.5596
CHP212	21	44888051	44888051	3.2956	0.7443
CHP212	21	44888052	48129895	2.1098	0.5278
