SampleId	ClusterId	ChainId	Chromosome	PosStart	PosEnd	LinkPloidy	InDoubleMinute
CHP212	156	1	11	T	5541117	0.2720	false
CHP212	156	1	11	5541118	C	0.2720	false
CHP212	157	1	11	40666001	C	0.9390	false
CHP212	158	1	11	T	46786436	1.0800	false
CHP212	158	1	11	46786437	C	1.0800	false
CHP212	159	1	11	T	47567000	0.0580	false
CHP212	160	1	11	T	50764000	0.0730	false
CHP212	161	1	11	68656366	T	1.4300	false
CHP212	161	2	11	C	68656366	1.3188	false
CHP212	162	1	2	128806664	T	0.2029	false
CHP212	162	1	11	C	68950406	0.2029	false
CHP212	162	2	2	C	128806664	0.8300	false
CHP212	163	0	11	C	83415319	0.4910	false
CHP212	163	0	11	83415285	83415327	0.4910	false
CHP212	163	0	11	83415266	83415327	0.4910	false
CHP212	165	1	22	C	44535904	0.9890	false
CHP212	165	1	22	44535905	T	0.9890	false
CHP212	166	1	22	C	46102578	0.8340	false
CHP212	166	1	22	46102579	T	0.8340	false
CHP212	167	1	22	47492963	T	0.6566	false
CHP212	167	1	22	C	47493034	0.6566	false
CHP212	168	1	22	C	50264809	0.7170	false
CHP212	168	1	22	50264810	T	0.7170	false
CHP212	169	1	12	2323901	C	1.5700	false
CHP212	169	2	12	T	2323901	1.6471	false
CHP212	170	1	12	T	7105479	0.4614	false
CHP212	170	1	12	7105512	C	0.4614	false
CHP212	171	1	12	T	10732294	0.0202	false
CHP212	172	1	12	38709001	T	0.1720	false
CHP212	173	1	12	47536586	T	1.1888	false
CHP212	173	1	12	C	47542044	1.1888	false
CHP212	174	1	12	C	49558042	0.0452	false
CHP212	174	1	12	C	49558580	0.0452	false
CHP212	175	1	12	C	54988357	0.7330	false
CHP212	175	1	12	54988358	T	0.7330	false
CHP212	176	1	2	10300311	C	0.9416	false
CHP212	176	1	12	57351654	T	0.9416	false
CHP212	176	2	2	T	10868855	0.9436	false
CHP212	176	2	12	C	57469942	0.9436	false
CHP212	178	1	12	61838506	T	1.1211	false
CHP212	178	2	12	C	61838507	1.1132	false
CHP212	179	1	12	63277690	T	0.7170	false
CHP212	179	2	12	C	63277705	1.0298	false
CHP212	180	1	12	69041352	T	1.3619	false
CHP212	180	1	12	C	70051524	1.3619	false
CHP212	181	1	12	C	71769847	0.6140	false
CHP212	181	1	12	71769848	T	0.6140	false
CHP212	182	1	1	T	113223297	0.0146	false
CHP212	182	1	12	C	86653570	0.0146	false
CHP212	182	2	12	C	86653680	0.6970	false
CHP212	182	2	12	86653681	T	0.6970	false
CHP212	183	1	12	C	110729000	0.5630	false
CHP212	184	1	12	C	122874829	0.5644	false
CHP212	184	1	12	122874875	T	0.5644	false
CHP212	185	1	12	C	129823938	1.1600	false
CHP212	185	1	12	129823939	T	1.1600	false
CHP212	186	1	13	C	36335816	0.3920	false
CHP212	186	1	13	36335817	T	0.3920	false
CHP212	187	1	13	C	72248871	0.7880	false
CHP212	187	1	13	72248872	T	0.7880	false
CHP212	188	1	13	C	76638405	0.7450	false
CHP212	188	1	13	76638406	T	0.7450	false
CHP212	189	1	13	C	83490514	0.5180	false
CHP212	189	1	13	83490515	T	0.5180	false
CHP212	190	1	13	C	99759991	0.7930	false
CHP212	190	1	13	99759992	T	0.7930	false
CHP212	191	1	13	C	109750388	0.4090	false
CHP212	191	1	13	109750389	T	0.4090	false
CHP212	192	1	14	C	73468452	1.1900	false
CHP212	192	1	14	73468453	T	1.1900	false
CHP212	194	1	14	90912038	T	12.2700	false
CHP212	194	2	14	C	90912038	11.9938	false
CHP212	195	1	14	92116013	T	0.7372	false
CHP212	195	2	14	C	92116020	0.8065	false
CHP212	196	1	14	C	106227294	0.3280	false
CHP212	196	1	14	106227295	T	0.3280	false
CHP212	197	1	15	C	23136084	0.9520	false
CHP212	197	1	15	74508951	T	0.9520	false
CHP212	198	1	15	C	26563835	0.8750	false
CHP212	198	1	15	26563836	T	0.8750	false
CHP212	199	1	15	C	34150768	0.7660	false
CHP212	199	1	15	34150769	T	0.7660	false
CHP212	200	1	15	C	54248775	0.6109	false
CHP212	200	2	15	54248777	T	0.3910	false
CHP212	201	1	15	C	58850829	1.6000	false
CHP212	201	1	15	58850830	T	1.6000	false
CHP212	202	1	15	C	63281685	1.0600	false
CHP212	202	1	15	63281686	T	1.0600	false
CHP212	203	1	15	81392586	T	1.7840	false
CHP212	203	2	15	C	81392593	1.6892	false
CHP212	204	1	16	24327576	C	1.1800	false
CHP212	204	2	16	T	24327576	1.1560	false
CHP212	205	0	16	34459001	34757736	0.6819	false
CHP212	205	0	16	T	34392109	0.6819	false
CHP212	208	0	16	60038944	60038944	2.9857	false
CHP212	209	0	16	62160227	T	0.5448	false
CHP212	209	0	16	62160229	62160265	0.5448	false
CHP212	209	0	16	62160208	62160265	0.5448	false
CHP212	210	1	16	66422001	T	0.4510	false
CHP212	212	1	16	C	75204868	0.9850	false
CHP212	212	1	16	75204869	T	0.9850	false
CHP212	213	1	16	C	77217964	1.9488	false
CHP212	213	1	17	36017849	T	1.9488	false
CHP212	214	1	16	C	78664852	0.3533	false
CHP212	214	1	16	78900020	T	0.3533	false
CHP212	215	1	16	81872854	T	0.7847	false
CHP212	215	1	16	C	81873021	0.7847	false
CHP212	216	1	17	T	810907	0.6760	false
CHP212	216	1	17	810908	C	0.6760	false
CHP212	217	1	17	C	25788885	0.6370	false
CHP212	217	1	17	25788886	T	0.6370	false
CHP212	218	1	17	C	38679270	1.1494	false
CHP212	218	2	6	C	113946406	0.0526	false
CHP212	218	2	17	38679442	T	0.0526	false
CHP212	220	1	1	114632958	C	0.8406	false
CHP212	220	1	17	46894272	T	0.8406	false
CHP212	221	1	17	55926223	T	1.2900	false
CHP212	221	2	17	C	55926223	1.1907	false
CHP212	222	1	17	C	62410312	0.7051	false
CHP212	222	1	17	62410632	T	0.7051	false
CHP212	223	1	17	C	76474279	0.4690	false
CHP212	223	1	17	76474280	T	0.4690	false
CHP212	224	1	17	C	77838018	0.5371	false
CHP212	224	1	17	77839921	T	0.5371	false
CHP212	225	1	17	C	79112748	0.4809	false
CHP212	225	1	17	79112813	T	0.4809	false
CHP212	226	0	17	80544452	80544452	6.7850	false
CHP212	227	1	17	80759992	T	1.3700	false
CHP212	227	2	17	C	80759992	1.2348	false
CHP212	228	1	18	T	8927292	0.4746	false
CHP212	228	2	18	8927345	C	0.6673	false
CHP212	229	1	18	C	75817438	1.5100	false
CHP212	229	1	18	75817439	T	1.5100	false
CHP212	230	1	19	T	4085810	0.6400	false
CHP212	230	1	19	4085811	C	0.6400	false
CHP212	231	1	19	T	9693593	0.5650	false
CHP212	231	1	19	9693594	C	0.5650	false
CHP212	232	1	19	T	15725000	0.0580	false
CHP212	233	1	19	T	15957000	0.0350	false
CHP212	234	1	19	24027922	C	1.1396	false
CHP212	234	2	19	T	24027922	1.1800	false
CHP212	235	1	19	C	28512356	0.7530	false
CHP212	235	1	19	28512357	T	0.7530	false
CHP212	236	1	19	C	28968000	0.0200	false
CHP212	236	2	19	29782001	T	0.1730	false
CHP212	237	1	19	C	29569223	0.9240	false
CHP212	237	1	19	29569224	T	0.9240	false
CHP212	239	1	19	C	39483314	0.7420	false
CHP212	239	1	19	39483315	T	0.7420	false
CHP212	240	1	19	C	44176872	0.8840	false
CHP212	240	1	19	44176873	T	0.8840	false
CHP212	241	1	19	47922787	T	0.8080	false
CHP212	241	2	19	C	47922787	1.1065	false
CHP212	242	0	19	50996255	50996910	1.9676	false
CHP212	243	1	19	C	52473302	0.5655	false
CHP212	243	1	19	53071298	T	0.5655	false
CHP212	244	1	1	T	821604	0.3210	false
CHP212	244	1	1	821605	C	0.3210	false
CHP212	245	1	1	T	6957533	0.3840	false
CHP212	245	1	1	6957534	C	0.3840	false
CHP212	246	1	1	T	14819495	0.4514	false
CHP212	246	1	1	14819508	C	0.4514	false
CHP212	247	1	1	18376132	C	0.0635	false
CHP212	248	1	1	T	65827847	0.6020	false
CHP212	248	1	1	65827848	C	0.6020	false
CHP212	249	1	1	C	146826181	1.6000	false
CHP212	249	1	1	146826182	T	1.6000	false
CHP212	250	1	1	C	150360851	0.4770	false
CHP212	250	1	1	150360852	T	0.4770	false
CHP212	251	1	1	154686434	T	0.9351	false
CHP212	251	2	1	C	154686434	0.9110	false
CHP212	252	1	1	C	163781711	1.6135	false
CHP212	252	1	1	163781746	T	1.6135	false
CHP212	253	1	1	168379699	T	1.0300	false
CHP212	253	2	1	C	168379699	0.9062	false
CHP212	254	1	1	173363280	T	1.3534	false
CHP212	254	2	1	C	173363294	1.7091	false
CHP212	255	1	1	186342634	T	0.3254	false
CHP212	255	1	1	C	186342677	0.3254	false
CHP212	256	1	1	194041670	T	0.5878	false
CHP212	257	1	1	194827219	T	1.7281	false
CHP212	257	2	1	C	194827225	1.1014	false
CHP212	259	1	1	C	205034852	1.1000	false
CHP212	259	1	1	205034853	T	1.1000	false
CHP212	260	1	1	C	216968270	1.0841	false
CHP212	260	1	1	217154518	T	1.0841	false
CHP212	261	1	1	228959923	T	0.9898	false
CHP212	261	2	1	C	228959928	1.0313	false
CHP212	262	1	1	C	238196383	0.0942	false
CHP212	262	1	1	C	238196619	0.0942	false
CHP212	263	1	1	241908610	T	1.1800	false
CHP212	263	2	1	C	241908614	1.1610	false
CHP212	264	1	1	C	245480135	1.3900	false
CHP212	264	1	1	245480136	T	1.3900	false
CHP212	265	1	1	246873694	T	1.3066	false
CHP212	265	1	1	C	246873744	1.3066	false
CHP212	266	1	1	C	246977385	0.5210	false
CHP212	266	1	1	246977386	T	0.5210	false
CHP212	267	1	1	C	247361904	0.8990	false
CHP212	267	1	1	247361905	T	0.8990	false
CHP212	268	1	2	T	260944	0.9794	false
CHP212	268	1	2	263133	C	0.9794	false
CHP212	269	1	2	1146936	C	1.0865	false
CHP212	269	1	2	T	1147009	1.0865	false
CHP212	277	1	2	T	11913062	3.0805	false
CHP212	277	2	2	11913063	C	1.9608	false
CHP212	279	1	2	T	12087883	3.3100	false
CHP212	279	1	2	12087884	C	3.3100	false
CHP212	282	1	2	T	12313413	3.0940	false
CHP212	282	1	2	12313468	C	3.0940	false
CHP212	285	1	2	T	12755045	3.5892	false
CHP212	285	1	2	12755218	C	3.5892	false
CHP212	286	1	2	T	12782388	1.3272	false
CHP212	286	1	2	12783202	C	1.3272	false
CHP212	274	8	2	12762862	12898085	102.7712	true
CHP212	274	8	2	11692078	11925371	106.0086	true
CHP212	274	8	2	11926211	12599788	106.0086	true
CHP212	274	8	2	12602641	12762608	106.0086	true
CHP212	274	8	2	15722900	16212599	106.0086	true
CHP212	274	8	2	15061179	15061333	106.0086	true
CHP212	274	3	2	12665281	16502813	5.4750	false
CHP212	274	3	2	8117845	8117957	5.4750	false
CHP212	274	3	2	3393721	3424107	5.4750	false
CHP212	274	3	2	13787343	13852990	5.4750	false
CHP212	274	3	2	2406948	2406984	5.4750	false
CHP212	274	3	2	2295975	2406944	5.4750	false
CHP212	274	3	2	15952492	15997214	5.4750	false
CHP212	274	3	8	101268742	101268742	5.4750	false
CHP212	274	6	2	12139317	12473000	3.9980	false
CHP212	274	6	2	12473045	12599788	3.9980	false
CHP212	274	6	2	11692078	11893437	3.9980	false
CHP212	274	6	2	11692078	12301835	3.9980	false
CHP212	274	6	2	T	12599788	3.9980	false
CHP212	274	9	2	12668280	16000197	3.8070	false
CHP212	274	5	2	12879613	15821222	3.3630	false
CHP212	274	5	22	42023389	42023389	3.3630	false
CHP212	274	4	17	43838747	T	3.2700	false
CHP212	274	4	2	12879623	16153712	3.2700	false
CHP212	274	4	2	16153783	16439335	3.2700	false
CHP212	274	4	2	15584828	15786535	3.2700	false
CHP212	274	4	14	73692882	73692882	3.2700	false
CHP212	274	2	16	68035243	68035243	3.2374	false
CHP212	274	2	2	12762862	12879606	3.2374	false
CHP212	274	2	2	T	12898085	3.2374	false
CHP212	274	7	2	11785629	11893780	2.8357	false
CHP212	274	7	2	11893857	12473295	2.8357	false
CHP212	274	10	2	T	12599788	1.6614	false
CHP212	274	10	2	11692078	12190209	1.6614	false
CHP212	274	1	1	200052869	T	0.7763	false
CHP212	274	1	2	12879613	15717548	0.7763	false
CHP212	274	1	2	15817718	15817866	0.7763	false
CHP212	274	1	2	T	15817722	0.7763	false
CHP212	274	0	2	16002393	16233144	0.6151	false
CHP212	274	0	2	15966858	16346980	0.6151	false
CHP212	274	0	2	16383107	16400239	0.6151	false
CHP212	274	0	2	15919164	16117834	0.6151	false
CHP212	274	0	2	16400301	16419315	0.6151	false
CHP212	274	0	2	16400243	16400299	0.6151	false
CHP212	274	0	2	16151687	16249078	0.6151	false
CHP212	274	0	2	16167620	16438002	0.6151	false
CHP212	274	0	2	15698814	15966656	0.6151	false
CHP212	274	0	2	16118933	16151393	0.6151	false
CHP212	274	12	2	T	12668290	2.0313	false
CHP212	274	13	1	C	200052869	0.9630	false
CHP212	274	14	17	C	43838747	2.8100	false
CHP212	274	15	16	50476757	T	0.8233	false
CHP212	274	16	2	T	15984729	1.8858	false
CHP212	274	16	16	C	50476782	1.8858	false
CHP212	292	1	2	15931114	C	34.8363	false
CHP212	292	1	2	T	15931140	34.8363	false
CHP212	295	1	2	T	16035600	4.8008	false
CHP212	295	1	2	16035636	C	4.8008	false
CHP212	296	1	2	T	16041368	3.3523	false
CHP212	296	1	2	16041437	C	3.3523	false
CHP212	300	1	2	T	18043000	0.1190	false
CHP212	301	1	2	T	20916622	0.8760	false
CHP212	301	1	2	20916623	C	0.8760	false
CHP212	302	1	2	24681001	C	0.1020	false
CHP212	303	1	2	25492001	C	0.0300	false
CHP212	303	2	2	T	28983000	0.0690	false
CHP212	305	1	2	T	29241000	0.0630	false
CHP212	306	1	2	T	35042724	0.3880	false
CHP212	306	1	2	35042725	C	0.3880	false
CHP212	307	1	2	T	57094282	0.6574	false
CHP212	307	1	2	57094322	C	0.6574	false
CHP212	308	1	2	120102563	T	0.0349	false
CHP212	308	1	2	120102678	T	0.0349	false
CHP212	309	1	2	C	124733389	0.8450	false
CHP212	309	1	2	124733390	T	0.8450	false
CHP212	310	1	2	C	129062149	0.5550	false
CHP212	310	1	2	129062150	T	0.5550	false
CHP212	311	1	2	158510363	T	0.6730	false
CHP212	311	2	2	C	158510371	0.4692	false
CHP212	312	1	2	169312016	T	1.3506	false
CHP212	312	2	2	C	169312016	1.3200	false
CHP212	313	1	2	C	174502923	0.6050	false
CHP212	313	1	2	174502924	T	0.6050	false
CHP212	314	0	2	195531202	T	0.3397	false
CHP212	314	0	2	195531183	195531237	0.3397	false
CHP212	314	0	2	195531181	195531211	0.3397	false
CHP212	314	0	2	C	195531239	0.3397	false
CHP212	315	1	2	218180765	T	0.9581	false
CHP212	315	2	2	C	218180772	1.1072	false
CHP212	316	1	2	235354001	T	0.0043	false
CHP212	317	1	2	235616001	T	0.0510	false
CHP212	318	1	2	C	242821375	0.8590	false
CHP212	318	1	2	242821376	T	0.8590	false
CHP212	319	1	3	T	12468710	0.4530	false
CHP212	319	1	3	12468711	C	0.4530	false
CHP212	320	1	3	T	17221000	0.0970	false
CHP212	321	1	3	T	17781000	0.0450	false
CHP212	322	1	3	T	23327663	0.9959	false
CHP212	322	1	3	23330823	C	0.9959	false
CHP212	323	1	3	T	25147752	0.5140	false
CHP212	323	1	3	25147753	C	0.5140	false
CHP212	324	1	3	32987128	C	1.1800	false
CHP212	324	2	3	T	32987128	1.2361	false
CHP212	325	0	3	37750143	37750143	1.8018	false
CHP212	326	1	3	T	44156175	0.9300	false
CHP212	326	1	3	44156176	C	0.9300	false
CHP212	327	1	3	T	74080705	0.4980	false
CHP212	327	1	3	74080706	C	0.4980	false
CHP212	328	1	3	T	83557950	0.6170	false
CHP212	328	1	3	83557951	C	0.6170	false
CHP212	329	1	3	T	87037864	1.2100	false
CHP212	329	1	3	87037865	C	1.2100	false
CHP212	330	1	3	C	101817044	0.8590	false
CHP212	330	1	3	101817045	T	0.8590	false
CHP212	331	1	3	102548366	T	0.4690	false
CHP212	331	2	3	C	102548366	0.8782	false
CHP212	332	0	3	103120899	103120899	2.0913	false
CHP212	333	1	3	C	107037949	0.7301	false
CHP212	333	1	3	107040333	T	0.7301	false
CHP212	334	0	3	115879866	T	0.8505	false
CHP212	334	0	3	115878632	115955432	0.8505	false
CHP212	334	0	3	C	115879644	0.8505	false
CHP212	335	1	3	C	116100961	0.6179	false
CHP212	335	1	3	116187283	T	0.6179	false
CHP212	336	1	3	116758001	T	0.6300	false
CHP212	337	1	3	C	133847428	0.3930	false
CHP212	337	1	3	133847429	T	0.3930	false
CHP212	338	1	3	C	136021013	1.9116	false
CHP212	338	1	3	136026200	T	1.9116	false
CHP212	339	1	3	136745001	T	0.0210	false
CHP212	340	1	3	C	145220368	0.5280	false
CHP212	340	1	3	145220369	T	0.5280	false
CHP212	341	1	3	C	157688000	0.0610	false
CHP212	342	1	3	C	158410000	0.0030	false
CHP212	343	1	3	C	164323050	0.7891	false
CHP212	343	1	3	164323440	T	0.7891	false
CHP212	344	1	3	175673932	T	0.5330	false
CHP212	344	2	3	C	175673940	0.8360	false
CHP212	345	1	4	T	68711	6.7636	false
CHP212	346	1	4	T	888044	0.4020	false
CHP212	346	1	4	888045	C	0.4020	false
CHP212	347	1	4	T	3233134	0.4340	false
CHP212	347	1	4	3233135	C	0.4340	false
CHP212	348	1	4	T	3611941	0.7470	false
CHP212	348	1	4	3611942	C	0.7470	false
CHP212	349	1	4	T	14956607	0.6280	false
CHP212	349	1	4	14956608	C	0.6280	false
CHP212	350	1	4	T	19401313	0.3430	false
CHP212	350	1	4	19401314	C	0.3430	false
CHP212	351	1	4	C	54330655	0.6070	false
CHP212	351	1	4	54330656	T	0.6070	false
CHP212	352	1	4	57717172	T	0.7903	false
CHP212	352	2	4	C	57717178	0.7894	false
CHP212	353	1	4	70361001	T	0.0180	false
CHP212	354	1	4	70437001	T	0.0730	false
CHP212	355	1	4	C	86533527	0.4790	false
CHP212	355	1	4	86533528	T	0.4790	false
CHP212	356	1	4	94998001	T	0.0280	false
CHP212	357	1	4	95275001	T	0.0160	false
CHP212	358	1	4	C	98917743	0.5700	false
CHP212	358	1	4	98917744	T	0.5700	false
CHP212	359	1	4	C	110017655	0.4960	false
CHP212	359	1	4	110017656	T	0.4960	false
CHP212	360	1	4	C	148985798	0.8150	false
CHP212	360	1	4	148985799	T	0.8150	false
CHP212	361	1	4	C	175746000	0.0500	false
CHP212	362	1	4	C	176126000	0.0140	false
CHP212	363	1	4	C	190662876	0.7129	false
CHP212	363	1	4	190662889	T	0.7129	false
CHP212	364	1	5	T	3274637	0.4910	false
CHP212	364	1	5	3274638	C	0.4910	false
CHP212	365	0	5	T	11357172	0.6136	false
CHP212	365	0	5	11357095	11357164	0.6136	false
CHP212	365	0	5	11357178	C	0.6136	false
CHP212	366	1	5	T	12319801	1.1200	false
CHP212	366	1	5	12319802	C	1.1200	false
CHP212	367	1	5	T	13449150	0.5840	false
CHP212	367	1	5	13449151	C	0.5840	false
CHP212	368	1	5	T	23596000	0.0037	false
CHP212	369	1	5	T	23935000	0.0045	false
CHP212	370	1	5	T	29069314	0.0318	false
CHP212	370	1	5	T	29069628	0.0318	false
CHP212	371	1	5	T	37147115	0.9385	false
CHP212	371	1	5	37147385	C	0.9385	false
CHP212	372	1	5	T	40794615	1.8485	false
CHP212	372	1	5	40794979	C	1.8485	false
CHP212	373	1	5	55689487	T	0.5914	false
CHP212	373	2	5	C	55689496	0.7556	false
CHP212	374	1	5	C	61052000	0.0370	false
CHP212	375	1	5	C	96417000	0.1810	false
CHP212	376	1	5	C	104432113	0.9719	false
CHP212	376	1	5	104503673	T	0.9719	false
CHP212	377	1	5	C	119157376	1.1600	false
CHP212	377	1	5	119157475	T	1.1600	false
CHP212	378	1	5	C	178127615	0.5200	false
CHP212	378	1	5	178127616	T	0.5200	false
CHP212	379	1	6	T	11016406	0.5460	false
CHP212	379	1	6	11016407	C	0.5460	false
CHP212	380	1	6	39813146	C	1.4588	false
CHP212	380	2	6	T	39813146	1.5900	false
CHP212	381	1	6	40926824	C	1.1231	false
CHP212	381	2	6	T	40926829	0.8675	false
CHP212	382	1	6	T	43433759	0.4560	false
CHP212	382	1	6	43433760	C	0.4560	false
CHP212	383	1	6	68314056	T	0.5721	false
CHP212	383	2	6	C	68314061	0.6240	false
CHP212	384	1	6	74062244	T	0.5999	false
CHP212	384	1	6	C	74062278	0.5999	false
CHP212	385	1	6	C	78967194	0.9789	false
CHP212	385	1	6	79036476	T	0.9789	false
CHP212	386	1	6	C	83762910	1.0300	false
CHP212	386	1	6	83762911	T	1.0300	false
CHP212	387	1	6	C	93847978	0.9570	false
CHP212	387	1	6	93847979	T	0.9570	false
CHP212	388	1	6	C	94741074	0.0239	false
CHP212	388	1	6	C	94741417	0.0239	false
CHP212	388	2	6	170456199	T	0.0715	false
CHP212	388	2	6	170636625	T	0.0715	false
CHP212	389	1	6	125165001	T	0.0780	false
CHP212	390	1	6	126662001	T	0.0190	false
CHP212	391	1	6	C	143161434	1.2210	false
CHP212	391	1	6	143161521	T	1.2210	false
CHP212	392	1	6	C	147042695	0.5700	false
CHP212	392	1	6	147042696	T	0.5700	false
CHP212	393	1	6	C	156062766	0.6590	false
CHP212	393	1	6	156062767	T	0.6590	false
CHP212	394	1	6	C	162749162	0.8280	false
CHP212	394	1	6	162749163	T	0.8280	false
CHP212	395	1	6	C	163381923	0.7530	false
CHP212	395	1	6	163381924	T	0.7530	false
CHP212	396	1	6	168670747	T	0.5831	false
CHP212	396	1	6	C	168670940	0.5831	false
CHP212	397	1	6	C	168732721	0.3247	false
CHP212	397	1	6	168732770	T	0.3247	false
CHP212	399	1	7	T	1714663	0.7580	false
CHP212	399	1	7	1714664	C	0.7580	false
CHP212	400	1	7	T	11212945	0.8991	false
CHP212	400	1	7	11621381	C	0.8991	false
CHP212	401	1	7	T	19759020	0.4290	false
CHP212	401	1	7	19759021	C	0.4290	false
CHP212	402	1	7	T	37548000	0.0150	false
CHP212	403	1	7	T	37914000	0.0270	false
CHP212	404	1	7	T	42923532	0.7560	false
CHP212	404	1	7	42923533	C	0.7560	false
CHP212	405	1	7	66193576	T	0.8920	false
CHP212	405	1	7	C	73382116	0.8920	false
CHP212	406	1	7	C	70316444	0.7880	false
CHP212	406	1	7	70316445	T	0.7880	false
CHP212	407	1	7	C	72694421	0.6480	false
CHP212	407	1	7	72694422	T	0.6480	false
CHP212	408	1	7	C	81724040	0.3400	false
CHP212	408	1	7	81724041	T	0.3400	false
CHP212	409	1	7	C	85579000	0.1220	false
CHP212	410	1	7	C	102113953	0.5680	false
CHP212	410	1	7	102113954	T	0.5680	false
CHP212	411	1	7	C	109111000	0.0880	false
CHP212	412	1	7	C	109781000	0.0300	false
CHP212	413	1	7	C	142359305	0.0312	false
CHP212	413	1	7	C	142360545	0.0312	false
CHP212	413	2	7	142455001	T	0.0290	false
CHP212	415	1	8	T	15630490	0.5060	false
CHP212	415	1	8	15630491	C	0.5060	false
CHP212	416	1	8	C	50513901	0.8310	false
CHP212	416	1	8	50513902	T	0.8310	false
CHP212	417	1	8	C	59935903	0.7550	false
CHP212	417	1	8	59935904	T	0.7550	false
CHP212	418	1	8	C	66925557	0.4190	false
CHP212	418	1	8	66925558	T	0.4190	false
CHP212	419	1	8	C	70079386	1.6000	false
CHP212	419	1	8	70079387	T	1.6000	false
CHP212	420	0	8	86174295	T	0.8743	false
CHP212	420	0	8	86174256	86174297	0.8743	false
CHP212	420	0	8	C	86174366	0.8743	false
CHP212	421	1	8	C	98459607	0.9250	false
CHP212	421	1	8	98459608	T	0.9250	false
CHP212	422	1	8	C	112294051	1.8906	false
CHP212	422	1	8	112297140	T	1.8906	false
CHP212	423	1	8	C	118939645	1.4600	false
CHP212	423	1	8	118939646	T	1.4600	false
CHP212	424	1	8	C	120135695	1.0300	false
CHP212	424	1	8	120135696	T	1.0300	false
CHP212	425	1	8	C	123484745	0.3320	false
CHP212	425	1	8	123484746	T	0.3320	false
CHP212	426	1	8	141652001	T	0.2500	false
CHP212	427	1	8	142017001	T	0.0024	false
CHP212	428	1	8	C	143259615	0.8332	false
CHP212	428	1	8	143259650	T	0.8332	false
CHP212	429	1	X	7433601	C	0.5062	false
CHP212	429	1	X	T	7433716	0.5062	false
CHP212	430	0	X	103175089	T	0.6716	false
CHP212	430	0	X	103261249	103305000	0.6716	false
CHP212	432	1	X	C	119839160	0.3790	false
CHP212	432	1	X	119839161	T	0.3790	false
CHP212	433	1	9	T	8947000	0.6820	false
CHP212	433	2	9	9681350	C	0.5139	false
CHP212	433	2	9	9681381	C	0.5139	false
CHP212	435	1	9	29877646	C	1.2748	false
CHP212	435	2	9	T	29877646	1.2900	false
CHP212	436	1	9	97387403	T	0.7680	false
CHP212	436	2	9	C	97387414	0.7763	false
CHP212	437	1	9	C	104767720	0.5000	false
CHP212	437	1	9	104767721	T	0.5000	false
CHP212	438	1	9	C	129421880	0.3850	false
CHP212	438	1	9	129421916	T	0.3850	false
CHP212	439	1	9	136182806	T	2.2137	false
CHP212	439	2	9	C	136182806	2.1200	false
CHP212	440	1	20	T	3036350	1.3200	false
CHP212	440	1	20	3036351	C	1.3200	false
CHP212	441	1	20	T	5681649	0.7049	false
CHP212	441	1	20	5681701	C	0.7049	false
CHP212	442	1	20	19642424	C	7.5687	false
CHP212	442	2	20	T	19642447	7.5343	false
CHP212	443	1	20	31573001	T	0.0096	false
CHP212	444	1	20	C	32604887	0.4580	false
CHP212	444	1	20	32604888	T	0.4580	false
CHP212	445	1	20	C	36794449	0.4670	false
CHP212	445	1	20	36794450	T	0.4670	false
CHP212	446	1	20	C	61038873	0.5380	false
CHP212	446	1	20	61038874	T	0.5380	false
CHP212	447	1	10	3284483	C	0.7996	false
CHP212	447	1	10	T	3284613	0.7996	false
CHP212	448	1	10	T	23324402	1.0700	false
CHP212	448	1	10	23324468	C	1.0700	false
CHP212	449	1	10	C	47127765	0.3660	false
CHP212	449	1	10	47127766	T	0.3660	false
CHP212	450	1	10	C	133367226	0.4620	false
CHP212	450	1	10	133367227	T	0.4620	false
CHP212	451	1	10	C	134019354	0.6400	false
CHP212	451	1	10	134019355	T	0.6400	false
CHP212	452	1	10	C	134805865	0.5620	false
CHP212	452	1	10	134805866	T	0.5620	false
CHP212	453	1	21	T	10990903	0.5740	false
CHP212	453	1	21	10990904	C	0.5740	false
CHP212	454	1	21	11054315	C	0.2110	false
CHP212	455	1	21	26497423	T	0.6796	false
CHP212	455	2	21	C	26497431	0.5290	false
CHP212	456	1	21	33398521	T	0.3731	false
CHP212	456	2	21	C	33398526	0.6262	false
CHP212	457	1	21	44888051	T	1.7874	false
CHP212	457	2	21	C	44888051	1.1900	false
